Aaliyah L Mckinney,Skyler N Scott
Tessa L Whitaker,Kailey A Wilson
Skyler N Scott,Jett A Wilkerson
Tessa L Whitaker,Abigail N Buckley
Andrew A Harris,Miles J Davis
Tessa L Whitaker,Miles J Davis
Miles J Davis,Abigail N Buckley
Aaliyah L Mckinney,Tessa L Whitaker
Christian U Simmons,Abigail N Buckley
Andrew A Harris,Skyler N Scott
Abigail N Buckley,Christian U Simmons
Abigail N Buckley,Miles J Davis
Kailey A Wilson,Tessa L Whitaker
Kailey A Wilson,Jett A Wilkerson
Jett A Wilkerson,Kailey A Wilson
Aaliyah L Mckinney,Miles J Davis
Kailey A Wilson,Miles J Davis
Charlotte L Flores,Aaliyah L Mckinney
Aaliyah L Mckinney,Charlotte L Flores
